{"v":"5.6.6","ip":0,"op":160,"fr":60,"w":31,"h":10,"layers":[{"ind":165,"nm":"surface417","ao":0,"ip":0,"op":264,"st":0,"ty":4,"ks":{"ty":"tr","o":{"k":100},"r":{"k":0},"p":{"k":[0,0]},"a":{"k":[0,0]},"s":{"k":[133.33,133.33]},"sk":{"k":0},"sa":{"k":0}},"shapes":[{"ty":"gr","hd":false,"nm":"surface417","it":[{"ty":"gr","hd":false,"it":[{"ty":"gr","hd":false,"it":[{"ty":"sh","ks":{"k":{"i":[[0,0],[0,0],[0,0],[0,0],[0,0],[0,0],[0,0],[0,0],[0,0],[0,0],[0,0],[0,0],[0,0],[0,0],[0,0],[0,0],[0,0],[0,0],[0,0],[0,0]],"o":[[0,0],[0,0],[0,0],[0,0],[0,0],[0,0],[0,0],[0,0],[0,0],[0,0],[0,0],[0,0],[0,0],[0,0],[0,0],[0,0],[0,0],[0,0],[0,0],[0,0]],"v":[[5.89,0.61],[5.32,0.61],[5.32,6.75],[4.44,6.75],[1.89,1.49],[1.89,6.14],[2.48,6.14],[2.48,6.75],[0.59,6.75],[0.59,6.14],[1.15,6.14],[1.15,0.61],[0.59,0.61],[0.59,0],[1.97,0],[4.58,5.36],[4.58,0.61],[4,0.61],[4,0],[5.89,0]],"c":true}}},{"ty":"sh","ks":{"k":{"i":[[0,0],[0.12,0.14],[0,0.25],[0,0],[-0.11,0.14],[-0.34,0],[0,0],[-0.11,-0.15],[0,-0.24],[0,0],[0.12,-0.14],[0.3,0]],"o":[[-0.3,0],[-0.13,-0.14],[0,0],[0,-0.24],[0.11,-0.15],[0,0],[0.33,0],[0.11,0.14],[0,0],[0,0.25],[-0.13,0.14],[0,0]],"v":[[7.66,6.75],[7.02,6.54],[6.83,5.95],[6.83,3.05],[6.99,2.48],[7.66,2.25],[9.33,2.25],[10,2.48],[10.17,3.05],[10.17,5.95],[9.98,6.54],[9.33,6.75]],"c":true}}},{"ty":"sh","ks":{"k":{"i":[[0,0],[0,0],[0,0],[0,0]],"o":[[0,0],[0,0],[0,0],[0,0]],"v":[[7.56,6.14],[9.44,6.14],[9.44,2.86],[7.56,2.86]],"c":true}}},{"ty":"sh","ks":{"k":{"i":[[0,0],[0,0],[0,0],[0,0],[0,0],[0,0],[0,0],[0,0],[0,0],[0.13,0.14],[0,0.34],[0,0],[0,0],[0,0],[0,0],[0,0]],"o":[[0,0],[0,0],[0,0],[0,0],[0,0],[0,0],[0,0],[0,0],[-0.27,0],[-0.13,-0.14],[0,0],[0,0],[0,0],[0,0],[0,0],[0,0]],"v":[[12.26,0.61],[12.26,2.25],[12.98,2.25],[12.98,2.9],[12.26,2.9],[12.26,6.14],[13.11,6.14],[13.11,6.75],[12.36,6.75],[11.75,6.54],[11.55,5.81],[11.55,2.9],[10.89,2.9],[10.89,2.25],[11.55,2.25],[11.55,0.61]],"c":true}}},{"ty":"sh","ks":{"k":{"i":[[0,0],[0,0],[0,0],[0,0],[0,0],[0,0],[0,0],[0,0],[0,0],[0,0],[0,0],[0,0],[0,0],[0,0],[0,0],[0,0],[0,0],[0,0],[0,0],[0,0],[0,0],[0,0],[0,0],[0,0]],"o":[[0,0],[0,0],[0,0],[0,0],[0,0],[0,0],[0,0],[0,0],[0,0],[0,0],[0,0],[0,0],[0,0],[0,0],[0,0],[0,0],[0,0],[0,0],[0,0],[0,0],[0,0],[0,0],[0,0],[0,0]],"v":[[17.16,2.31],[17.16,4.2],[16.54,4.2],[16.54,3.56],[15.28,3.56],[15.28,6.14],[17.58,6.14],[17.58,5.09],[18.19,5.09],[18.19,6.75],[13.97,6.75],[13.97,6.14],[14.54,6.14],[14.54,0.61],[13.97,0.61],[13.97,0],[18.19,0],[18.19,1.66],[17.58,1.66],[17.58,0.61],[15.28,0.61],[15.28,2.95],[16.54,2.95],[16.54,2.31]],"c":true}}},{"ty":"sh","ks":{"k":{"i":[[0,0],[0,0],[0,0],[0,0],[0,0],[0.17,0],[0.1,0.12],[0,0.16],[0,0],[-0.09,0.11],[-0.31,0],[0,0],[0,0],[0,0],[0,0],[0,0],[0,0]],"o":[[0,0],[0,0],[0,0],[0,0],[-0.19,0.1],[-0.16,0],[-0.09,-0.12],[0,0],[0,-0.28],[0.14,-0.18],[0,0],[0,0],[0,0],[0,0],[0,0],[0,0],[0,0]],"v":[[23.02,6.13],[23.02,6.75],[21.72,6.75],[21.72,5.71],[20.16,6.7],[19.63,6.84],[19.23,6.66],[19.09,6.25],[19.09,3.1],[19.22,2.53],[19.9,2.25],[21.72,2.25],[21.72,0.61],[21.12,0.61],[21.12,0],[22.46,0],[22.46,6.13]],"c":true}}},{"ty":"sh","ks":{"k":{"i":[[0,0],[0,0],[0,0],[0,0]],"o":[[0,0],[0,0],[0,0],[0,0]],"v":[[21.72,2.86],[19.81,2.86],[19.81,6.18],[21.72,5]],"c":true}}},{"ty":"fl","o":{"k":100},"c":{"k":[0.02,0.94,0.94,1]}},{"ty":"tr","o":{"k":100},"r":{"k":0},"p":{"k":[0,0]},"a":{"k":[0,0]},"s":{"k":[100,100]},"sk":{"k":0},"sa":{"k":0},"hd":false}]},{"ty":"tr","o":{"k":100},"r":{"k":0},"p":{"k":[0,0]},"a":{"k":[0,0]},"s":{"k":[100,100]},"sk":{"k":0},"sa":{"k":0},"hd":false}]},{"ty":"tr","o":{"k":100},"r":{"k":0},"p":{"k":[0,0]},"a":{"k":[0,0]},"s":{"k":[100,100]},"sk":{"k":0},"sa":{"k":0},"hd":false}]},{"ty":"tm","s":{"a":0,"k":0,"ix":1},"e":{"a":1,"k":[{"i":{"x":[0.27],"y":[1]},"o":{"x":[0.5],"y":[0]},"t":0,"s":[0]},{"t":66,"s":[100]}],"ix":2},"o":{"a":0,"k":0,"ix":3},"m":1,"ix":2,"hd":false}]}],"meta":{"g":"LF SVG to Lottie"}}